{
  "chart": {
    "title": "Global meat production",
    "citation": "Food and Agriculture Organization of the United Nations (2023)",
    "originalChartUrl": "https://ourworldindata.org/grapher/global-meat-production?v=1&csvType=full&useColumnShortNames=false",
    "selection": [
      "Oceania",
      "Africa",
      "South America",
      "North America",
      "Europe",
      "Asia"
    ]
  },
  "columns": {
    "Meat, total | 00001765 || Production | 005510 || tonnes": {
      "titleShort": "Total meat production",
      "titleLong": "Total meat production - FAO",
      "descriptionKey": [],
      "shortUnit": "t",
      "unit": "tonnes",
      "timespan": "1961-2022",
      "type": "Numeric",
      "owidVariableId": 835612,
      "shortName": "meat__total__00001765__production__005510__tonnes",
      "lastUpdated": "2024-03-14",
      "nextUpdate": "2025-03-14",
      "citationShort": "Food and Agriculture Organization of the United Nations (2023) – with major processing by Our World in Data",
      "citationLong": "Food and Agriculture Organization of the United Nations (2023) – with major processing by Our World in Data. “Total meat production – FAO” [dataset]. Food and Agriculture Organization of the United Nations, “Production: Crops and livestock products” [original data].",
      "fullMetadata": "https://api.ourworldindata.org/v1/indicators/835612.metadata.json"
    }
  },
  "dateDownloaded": "2024-11-26"
}